book_title,book_author_name,book_author_last_name,book_isbn
The Final Quest,Edward,Johnson,b39adce166ec4
The Silent Forest,Nina,Martin,3c4cb197702a4
The Crimson River,George,Miller,12af19f1021a4
The Lost Kingdom,Ian,Hernandez,dfe762b90b064
The Time Traveler's Diary,Fiona,Davis,f430de87c2024
The Hidden Path,Thomas,Brown,7e5a5e7b36454
The Final Quest,Sarah,Garcia,7b3e70ee62404
The Enchanted Garden,Edward,Jackson,ed26f1e0ec264
Winds of Change,Ian,Williams,e38d38449fea4
Beyond the Horizon,Laura,Gonzalez,07073acfdfc14
The Crimson River,Quincy,Wilson,3d2b98c7244a4
Tales of the Forgotten,Catherine,Lopez,1ea329a509224
Beyond the Horizon,Fiona,Taylor,67e25b2251b74
Shadow of the Mountain,David,Jackson,8caab5c9e4cf4
The Forgotten Treasure,Rachel,Garcia,558312777d4d4
The Hidden Path,George,Thomas,e52f446a085e4
Whispers of the Night,Edward,Lopez,497a401cdfb24
Winds of Change,Quincy,Moore,8a36942f4fda4
Heart of the Storm,Helen,Rodriguez,5c40f88d34024
Journey to the Stars,George,Wilson,5140cb7727e94
Winds of Change,James,Miller,5a4949d9618a4
Tales of the Forgotten,Helen,Hernandez,38ce020dafee4
The Last Stand,Helen,Johnson,c7958fd64d174
The Last Stand,Thomas,Rodriguez,168812261aea4
The Forgotten Treasure,Rachel,Smith,2acdc0a63c874
Heart of the Storm,Laura,Taylor,65d278d57af04
The Forgotten Treasure,Nina,Johnson,4c30779926054
The Final Quest,Quincy,Brown,81b03b55f3c54
Shadow of the Mountain,Nina,Wilson,4fefe773c5804
The Crimson River,James,Lopez,c1ca797783954
Journey to the Stars,David,Smith,37bf8e21edc14
The Last Stand,Quincy,Anderson,d2951923f41f4
Voices in the Dark,Nina,Thomas,abc6f990a7b04
Heart of the Storm,Ian,Miller,77888d13dd284
Beyond the Horizon,Oscar,Johnson,0746ac4c374f4
Winds of Change,Michael,Hernandez,9e3457eae99a4
The Crimson River,Ian,Anderson,bfcab44b6f064
Journey to the Stars,Rachel,Martinez,846c99ad4aff4
Winds of Change,Laura,Jones,36f843ab412f4
The Final Quest,Oscar,Brown,16ae75b2c33a4
Beyond the Horizon,Michael,Martin,bea442387aaa4
The Hidden Path,Rachel,Moore,31be2c49a3664
The Enchanted Garden,George,Hernandez,9327169fc1244
Shadow of the Mountain,Thomas,Jackson,2e5001383de04
The Lost Kingdom,George,Anderson,daaa073aff574
The Final Quest,Fiona,Brown,1e1aef400c6a4
A Glimpse of Eternity,Paul,Thomas,63024aa238434
Winds of Change,George,Hernandez,99c2a046ae6f4
The Crimson River,Edward,Garcia,ca25b976b1804
Shadow of the Mountain,Anna,Miller,7208332da4094
Shadow of the Mountain,Anna,Garcia,df08128cb8f74
Heart of the Storm,Laura,Gonzalez,6286b8f192804
Mystery of the Old Manor,Karen,Brown,eafcd6ffb47c4
The Enchanted Garden,Sarah,Wilson,a6cd9b52c4e74
Journey to the Stars,Anna,Hernandez,449dc945765d4
Echoes of the Past,Paul,Brown,80ba477b89a84
The Final Quest,Michael,Lopez,f135c9c0f0634
The Forgotten Treasure,Fiona,Hernandez,8071244118ae4
The Silent Forest,Fiona,Martinez,3639846561dc4
The Forgotten Treasure,Catherine,Taylor,64fd51d53ff24
The Enchanted Garden,Anna,Martinez,2732909d32314
Heart of the Storm,Rachel,Miller,9ed7f503b7144
The Silent Forest,Michael,Moore,481037ff80764
Mystery of the Old Manor,Thomas,Rodriguez,0a10a7f50b2f4
Mystery of the Old Manor,Quincy,Thomas,480f20bc95914
The Last Stand,Nina,Martinez,90f9a81f52184
Shadow of the Mountain,Catherine,Jackson,a2385322a0a64
The Final Quest,Barbara,Thomas,6ac70c6e089a4
Winds of Change,Anna,Rodriguez,06df6247c3aa4
Mystery of the Old Manor,Helen,Miller,0553cd67552a4
Beyond the Horizon,Oscar,Johnson,4144635c3f804
Journey to the Stars,Oscar,Smith,8dca9e0968034
The Time Traveler's Diary,George,Martinez,90c80085c8e94
The Last Stand,Helen,Miller,c1951ad8c0864
The Forgotten Treasure,David,Taylor,b23b3f6325094
Mystery of the Old Manor,Nina,Martin,ba6def4b4e574
The Forgotten Treasure,Thomas,Johnson,3043c13a50bf4
Tales of the Forgotten,Helen,Anderson,7be390d3ff014
The Enchanted Garden,Nina,Hernandez,d68f5c481a904
Beyond the Horizon,George,Rodriguez,95c6651d86904
The Time Traveler's Diary,Karen,Smith,cd6b6c4724a54
The Time Traveler's Diary,Catherine,Johnson,70e9b9280d8b4
Heart of the Storm,Paul,Smith,b536344fda7b4
The Forgotten Treasure,Edward,Anderson,d363122e1d364
Echoes of the Past,Karen,Johnson,14018c84925a4
The Hidden Path,Ian,Rodriguez,857439f51d2b4
Voices in the Dark,Karen,Jackson,36bcf38b47ec4
Mystery of the Old Manor,Fiona,Anderson,6d499873cba64
The Time Traveler's Diary,Rachel,Hernandez,645493bdecc64
Beyond the Horizon,Karen,Moore,b2193732db9d4
Whispers of the Night,Edward,Johnson,d031148d235d4
The Silent Forest,George,Moore,e551faa5c6de4
Voices in the Dark,Barbara,Moore,55c7de49045d4
Whispers of the Night,Rachel,Gonzalez,e3838278b1434
Heart of the Storm,Anna,Miller,9d5c44d064974
Mystery of the Old Manor,Paul,Jones,7502844e01224
A Glimpse of Eternity,Edward,Moore,2344b593e7cb4
The Hidden Path,Quincy,Davis,bd4487b77b064
Echoes of the Past,Edward,Johnson,891d5cee0f384
The Forgotten Treasure,David,Hernandez,21a231a740864
Winds of Change,Nina,Garcia,2332141f8a7e4
The Forgotten Treasure,Rachel,Anderson,7902f56d3fd34
Whispers of the Night,Ian,Martinez,402811848cfc4
The Lost Kingdom,Michael,Brown,c74945520a6d4
Whispers of the Night,Barbara,Lopez,6ce83a06fca04
Heart of the Storm,Karen,Smith,3d8a2ebf89364
Journey to the Stars,Barbara,Martinez,0d9a184bc9634
Beyond the Horizon,David,Rodriguez,51f22becce5c4
The Final Quest,Michael,Wilson,6f245516bc014
Mystery of the Old Manor,Michael,Martin,f81f10b48cb74
A Glimpse of Eternity,Barbara,Miller,874ec55ed4b54
The Forgotten Treasure,Anna,Garcia,d2332e9066434
Beyond the Horizon,Karen,Garcia,be347487e5fe4
The Lost Kingdom,Paul,Smith,d703dc7aefc14
Voices in the Dark,Fiona,Martin,5c503a2d6d5b4
The Silent Forest,Thomas,Garcia,6632c5e3f4ba4
The Hidden Path,David,Taylor,ca01fb5fb0b24
Heart of the Storm,Nina,Miller,459f1790d67d4
The Hidden Path,Thomas,Miller,22f1c7219b0e4
Echoes of the Past,Quincy,Hernandez,5d905ba84bfe4
The Hidden Path,Catherine,Williams,3f750516756e4
The Last Stand,Paul,Brown,14a27b7e0fef4
The Last Stand,Rachel,Garcia,d59ba53ff6f44
The Last Stand,Quincy,Smith,9c82997349e14
Winds of Change,David,Taylor,602c73107a7c4
The Crimson River,Karen,Garcia,23c8eefc8e9e4
The Crimson River,Quincy,Martin,a086f719e0ea4
The Forgotten Treasure,Quincy,Miller,589c2bd312ec4
Voices in the Dark,Fiona,Lopez,53c0e8539ebf4
Mystery of the Old Manor,David,Williams,a0fc500a1df04
Whispers of the Night,George,Moore,f6cc417e63674
Shadow of the Mountain,George,Anderson,eeb481d3b1eb4
Heart of the Storm,Oscar,Martinez,515f89e578334
A Glimpse of Eternity,George,Williams,a906ba7daf0b4
The Lost Kingdom,Helen,Johnson,46926f39a67c4
The Enchanted Garden,James,Anderson,d3fbd3b2dd824
Voices in the Dark,Ian,Taylor,56c4a7f7363e4
The Lost Kingdom,Fiona,Smith,1abb5fe560ec4
Heart of the Storm,David,Anderson,df64cdaa4b7f4
The Enchanted Garden,James,Wilson,869ad783f2da4
Tales of the Forgotten,Paul,Miller,14e2f5b6ed654
Journey to the Stars,Anna,Martin,3bbd6d64a77a4
Beyond the Horizon,Michael,Martinez,619a3f28b2154
Shadow of the Mountain,George,Anderson,ce11a87c43d14
The Silent Forest,Karen,Smith,bd9f680ff01f4
Shadow of the Mountain,Fiona,Martin,6deb28fff2fc4
The Forgotten Treasure,Anna,Rodriguez,d0764261189c4
The Forgotten Treasure,Karen,Martin,dd8d0d7e5f374
The Enchanted Garden,David,Taylor,e573c218687c4
Journey to the Stars,David,Anderson,8bae5204216d4
The Lost Kingdom,Helen,Martinez,99bbb013bdd04
The Silent Forest,David,Williams,a4c2273408814
The Enchanted Garden,Helen,Jones,20691139f72f4
The Crimson River,Catherine,Thomas,3deddd2f3ae14
The Crimson River,Nina,Rodriguez,d2d6cb1c343d4
Winds of Change,Sarah,Rodriguez,69ea210e7dde4
Tales of the Forgotten,Karen,Taylor,8057bd38b52b4
The Lost Kingdom,David,Brown,5c2db76466b64
The Forgotten Treasure,Sarah,Jones,43a7bae6d4464
The Last Stand,Oscar,Martinez,9693f9c6dd804
The Final Quest,Ian,Jones,0e8c6971983b4
Mystery of the Old Manor,James,Gonzalez,d495313ed24c4
The Hidden Path,James,Johnson,6e09d5a9a5304
The Silent Forest,David,Jackson,52840148eb694
The Enchanted Garden,Thomas,Taylor,5ce05465b1d54
Beyond the Horizon,Sarah,Jones,e1247b45fbe14
Mystery of the Old Manor,Nina,Lopez,ccaaa535c7964
Heart of the Storm,James,Gonzalez,cb5eb2462aa44
Shadow of the Mountain,Anna,Garcia,0112f1f2466c4
The Crimson River,Rachel,Miller,c81d3363ed6f4
The Enchanted Garden,Michael,Lopez,da41adcdea824
Beyond the Horizon,Catherine,Smith,77807e17cd4f4
Shadow of the Mountain,Laura,Jones,60b7492f80744
Tales of the Forgotten,Barbara,Davis,12cd98506a594
The Final Quest,Fiona,Brown,ecc4d594e1d64
A Glimpse of Eternity,Rachel,Gonzalez,80c6b2d2daeb4
Journey to the Stars,Quincy,Jones,930d188bcf314
A Glimpse of Eternity,Catherine,Hernandez,698d733805934
Echoes of the Past,Anna,Williams,c936f1a42a344
Winds of Change,Fiona,Smith,0d72046c13814
Mystery of the Old Manor,Anna,Wilson,7bac946363ac4
Mystery of the Old Manor,David,Martinez,ee25217a604b4
The Enchanted Garden,David,Thomas,fdb928d7eda64
The Forgotten Treasure,Catherine,Rodriguez,c849174dd1d74
A Glimpse of Eternity,Barbara,Wilson,6839c1c42cce4
The Enchanted Garden,Paul,Taylor,465e369a75dd4
Shadow of the Mountain,Thomas,Brown,cdba639f2a124
A Glimpse of Eternity,Barbara,Smith,1fd635db11eb4
The Final Quest,David,Rodriguez,8d0ca95eada94
The Enchanted Garden,Laura,Anderson,effe6e3f7d364
Whispers of the Night,Fiona,Martin,f44c23568d614
Mystery of the Old Manor,Karen,Taylor,89cdafda07704
The Last Stand,Catherine,Davis,4497d55cf4204
Beyond the Horizon,Anna,Rodriguez,65390f78f9934
The Time Traveler's Diary,Thomas,Wilson,50a0c15a9b924
Winds of Change,George,Jones,df2ffcd17bc14
Journey to the Stars,Michael,Lopez,8bde8bf9b3c54
Whispers of the Night,Karen,Johnson,fb5b2927c0ee4
Tales of the Forgotten,Nina,Smith,2d72a9511d6e4
The Hidden Path,Sarah,Jones,71b1deb93a964
The Time Traveler's Diary,David,Wilson,e0d1ca90193e4
The Lost Kingdom,George,Taylor,c23dc2c82d184
Voices in the Dark,Ian,Taylor,8a718b46255a4
The Last Stand,Oscar,Wilson,4683edc2d0164
Beyond the Horizon,George,Martinez,51c0562d66af4
Echoes of the Past,Fiona,Moore,734e88c01b404
Winds of Change,Thomas,Hernandez,500135c49daf4
The Enchanted Garden,Rachel,Gonzalez,7d02fde3dbe04
The Forgotten Treasure,Laura,Jones,1e27a47f65074
The Lost Kingdom,Barbara,Jackson,598b7ebdb1744
Journey to the Stars,David,Martinez,0792ac99be9b4
Voices in the Dark,Ian,Smith,6971ce96e7444
The Forgotten Treasure,Oscar,Martinez,0a1b30ef24904
Winds of Change,Fiona,Rodriguez,d02e6438f08e4
The Crimson River,Barbara,Williams,f2d261c095eb4
Beyond the Horizon,David,Martinez,c89b57b816df4
The Lost Kingdom,Nina,Thomas,7142618e97df4
The Lost Kingdom,James,Johnson,897efe93c3d34
Journey to the Stars,Laura,Wilson,ed434d0181c94
Beyond the Horizon,Sarah,Taylor,e5df1d2015ce4
Beyond the Horizon,Anna,Thomas,fdcda62e03f34
Echoes of the Past,David,Jones,24ff61adca5f4
Shadow of the Mountain,Nina,Anderson,82059a8ca3564
Mystery of the Old Manor,Rachel,Taylor,af491de7bf074
The Silent Forest,Ian,Smith,a60f7783b6af4
Winds of Change,George,Anderson,73cf32e7354c4
Journey to the Stars,Helen,Gonzalez,7547017267f34
The Time Traveler's Diary,David,Martin,e6b6debb08c74
A Glimpse of Eternity,Anna,Anderson,4cfd69d9d34c4
The Silent Forest,Helen,Moore,c3a525a6bf364
The Silent Forest,Oscar,Taylor,4a54f832f0494
The Forgotten Treasure,Edward,Martin,5327d643087a4
The Silent Forest,Edward,Brown,7c28963201b84
Shadow of the Mountain,Thomas,Martinez,3e81b69932224
Tales of the Forgotten,Thomas,Gonzalez,e89af531e4404
Voices in the Dark,Catherine,Anderson,27497b57396a4
The Enchanted Garden,Barbara,Gonzalez,dc40cecb1a1a4
The Hidden Path,Thomas,Jackson,bf40bf1459934
Beyond the Horizon,Nina,Martin,99cdc1b60b8b4
Winds of Change,Barbara,Smith,3aa1f46cc72c4
Beyond the Horizon,Edward,Smith,7c89b07a59324
Heart of the Storm,Catherine,Taylor,ac4f468490fd4
The Lost Kingdom,Quincy,Martin,e4f50921b7074
Voices in the Dark,Edward,Smith,b06fc569e8cb4
Shadow of the Mountain,Catherine,Davis,4be3fb714d6c4
Journey to the Stars,Quincy,Martin,3ca03f9f3cc34
Mystery of the Old Manor,Sarah,Williams,3740fe62dedd4
Heart of the Storm,Catherine,Brown,cc40bdfd96f24
The Silent Forest,Quincy,Smith,50a40b42a07d4
Shadow of the Mountain,George,Hernandez,c2c9a3f405464
Mystery of the Old Manor,Helen,Jones,41d8698b0c7f4
Tales of the Forgotten,Barbara,Miller,2bbd4fed01ea4
Mystery of the Old Manor,Rachel,Wilson,016631da5cde4
Beyond the Horizon,Anna,Martinez,df57761de0ac4
Echoes of the Past,Barbara,Rodriguez,5ebd95d36f314
The Hidden Path,Sarah,Williams,c412831dc5214
Beyond the Horizon,Paul,Williams,cddaced865b24
Journey to the Stars,Anna,Gonzalez,132cbb9db59b4
Mystery of the Old Manor,Paul,Garcia,7d76c974adda4
The Crimson River,Edward,Thomas,745ca7b3c6174
The Lost Kingdom,Karen,Jackson,f7de78f581134
The Forgotten Treasure,George,Miller,d5b36083290d4
Journey to the Stars,Helen,Anderson,25245be559274
The Last Stand,George,Garcia,b2907d7f90b84
The Time Traveler's Diary,Michael,Davis,a5ff2ef2dd974
Heart of the Storm,Karen,Taylor,45e0f92fce284
The Time Traveler's Diary,Fiona,Gonzalez,62cc6044b1aa4
Winds of Change,Rachel,Taylor,f52cf816d4444
The Enchanted Garden,Fiona,Taylor,647c42a1931a4
Echoes of the Past,George,Gonzalez,e4ea4db768224
The Forgotten Treasure,David,Martin,7d1dac019ee24
The Time Traveler's Diary,George,Jones,d50d1478930b4
Mystery of the Old Manor,Helen,Wilson,e7aa28725e9c4
The Last Stand,Michael,Jones,6503390f6bf64
The Lost Kingdom,Karen,Wilson,2e891efb112a4
Shadow of the Mountain,Quincy,Smith,9e5d421dd9174
The Forgotten Treasure,Rachel,Hernandez,f9d1850496104
The Forgotten Treasure,Ian,Williams,5aaa3767ecda4
A Glimpse of Eternity,Paul,Davis,1d71ad586c424
Journey to the Stars,Fiona,Thomas,ee0e2d5746b14
The Crimson River,Quincy,Anderson,b1b87b22d9c14
The Final Quest,David,Williams,bbb7e239565f4
The Crimson River,Ian,Rodriguez,738bc72b1b874
The Silent Forest,Michael,Jackson,0f2d0502c9c14
Mystery of the Old Manor,Karen,Miller,7a73fdb768404
Heart of the Storm,George,Lopez,f9f25eae470e4
Voices in the Dark,Sarah,Miller,7499cc5e02744
A Glimpse of Eternity,Helen,Brown,cb32fd438a0c4
The Crimson River,Catherine,Gonzalez,90bf204fa8f54
Mystery of the Old Manor,Helen,Lopez,9130510a14d74
The Enchanted Garden,Karen,Rodriguez,112a1adad0344
The Forgotten Treasure,Helen,Anderson,39d3f0a6869e4
The Forgotten Treasure,Laura,Brown,c6c1db6709054
The Final Quest,James,Miller,456c011494664
Journey to the Stars,Catherine,Thomas,f4f2d2b5fc4f4
The Silent Forest,Fiona,Davis,958f1046cbc24
Voices in the Dark,Rachel,Hernandez,535f4c6d76af4
Whispers of the Night,Paul,Miller,65fbefcfafa24
The Silent Forest,Nina,Rodriguez,7c9964201faa4
The Silent Forest,Quincy,Rodriguez,0b155183c91c4
Echoes of the Past,Laura,Jackson,3b80bc8315d24
Shadow of the Mountain,Paul,Moore,8b75cf4553514
The Final Quest,Edward,Martinez,1fab07f9c05d4
Whispers of the Night,Ian,Lopez,4b6da3026bb74
The Hidden Path,Michael,Garcia,70962dba627f4
Voices in the Dark,Rachel,Williams,c8c7edaa36ec4
Beyond the Horizon,Edward,Martin,26647e7595fc4
Journey to the Stars,Karen,Martin,29a27cb0826f4
The Last Stand,Anna,Anderson,0ec32f5c16864
The Lost Kingdom,Ian,Gonzalez,e5621d6424c44
A Glimpse of Eternity,Anna,Martinez,a198b976ea624
Echoes of the Past,Barbara,Moore,80b1dd4af3934
The Lost Kingdom,Barbara,Anderson,80c49699df534
Journey to the Stars,David,Garcia,c08c775210234
The Time Traveler's Diary,Edward,Lopez,d3cc5c86c7354
The Final Quest,Sarah,Brown,d79b196fe4fb4
The Crimson River,Paul,Hernandez,aa91d2797df64
Heart of the Storm,Michael,Gonzalez,c119891a9ed54
Tales of the Forgotten,Edward,Moore,78631ec8a0214
Beyond the Horizon,Michael,Jones,23bd2f6951924
The Crimson River,Thomas,Jones,64f7a79c9d1e4
Voices in the Dark,Karen,Wilson,38b8c1f408084
The Forgotten Treasure,Sarah,Martinez,d4a68e0311a44
Voices in the Dark,Anna,Taylor,2a059fef6abb4
Journey to the Stars,Paul,Rodriguez,376b28ad6c0a4
Shadow of the Mountain,Nina,Moore,e7315c9f39de4
The Forgotten Treasure,Fiona,Anderson,0d93a91dc0cf4
The Time Traveler's Diary,Oscar,Martinez,13216e636f074
The Time Traveler's Diary,Paul,Smith,fbee9c0de83b4
Mystery of the Old Manor,Nina,Jones,1d669555dfe14
Winds of Change,Catherine,Smith,d845c9996fb84
Journey to the Stars,Barbara,Brown,6c0828635b764
Tales of the Forgotten,David,Rodriguez,8bbdd16b593b4
The Enchanted Garden,Barbara,Williams,42dae512a4b24
Beyond the Horizon,Thomas,Miller,c384bbf4066b4
The Silent Forest,James,Gonzalez,07a0d1bed8fa4
Tales of the Forgotten,Quincy,Thomas,dc5ed960333b4
The Time Traveler's Diary,Sarah,Rodriguez,0b912a71faec4
Beyond the Horizon,Sarah,Johnson,ab3fd8b4d6174
Shadow of the Mountain,Catherine,Taylor,ec3077de28f34
Heart of the Storm,Helen,Moore,c23ccfa472884
Heart of the Storm,Oscar,Garcia,0b8bb922ef834
Heart of the Storm,Ian,Brown,4526a66fbfbd4
Mystery of the Old Manor,Helen,Jones,413fadc9808c4
Winds of Change,Quincy,Williams,8f14a5eda50a4
The Silent Forest,Karen,Brown,20bc0aef93064
The Forgotten Treasure,Laura,Moore,8b3ede59d2364
The Hidden Path,Michael,Taylor,d6b9344d2d9d4
The Enchanted Garden,George,Davis,e93916aaa8864
Winds of Change,Oscar,Williams,3b2a1a7e90184
Heart of the Storm,Sarah,Smith,6543031fdf084
Beyond the Horizon,Karen,Garcia,9d59b0c4e1e44
Journey to the Stars,Helen,Lopez,56f35d4e8d2a4
Shadow of the Mountain,Barbara,Rodriguez,3647ae88ac564
Beyond the Horizon,Rachel,Rodriguez,8d8de9b3c3e44
Heart of the Storm,Rachel,Moore,d479874559654
Heart of the Storm,Barbara,Smith,136639ae932b4
The Forgotten Treasure,Thomas,Wilson,b5eff653fbac4
Heart of the Storm,Thomas,Gonzalez,79323deaaa4f4
Echoes of the Past,Anna,Brown,796f9369bf654
The Lost Kingdom,Paul,Smith,8eb588ff07fd4
Beyond the Horizon,Fiona,Rodriguez,e8ba1090fad54
The Forgotten Treasure,Helen,Taylor,de828f0736884
The Enchanted Garden,Catherine,Martin,42240dcaf8504
The Crimson River,Karen,Thomas,8a92bdbc8d864
Beyond the Horizon,David,Wilson,3ac2bd14222c4
Mystery of the Old Manor,George,Rodriguez,e1bd2678c25d4
Heart of the Storm,Edward,Davis,d778675c21654
Echoes of the Past,Helen,Jackson,8c80e8f454744
Echoes of the Past,George,Miller,d7a1d414075a4
The Hidden Path,Catherine,Wilson,5a00af1c6d6f4
Echoes of the Past,Quincy,Garcia,37aee4ed75d74
Journey to the Stars,Anna,Johnson,4266ce91e6584
The Lost Kingdom,Nina,Smith,d8656b921acb4
The Final Quest,Anna,Hernandez,9ce2d5585e9e4
Echoes of the Past,George,Gonzalez,d3e7ca271d4d4
Heart of the Storm,George,Rodriguez,682d68bd11ae4
Beyond the Horizon,Catherine,Smith,84724b8a5cd04
A Glimpse of Eternity,Helen,Wilson,5b1787c1d8fb4
Winds of Change,Karen,Johnson,2abc7949a6d64
The Enchanted Garden,George,Thomas,04bd5b026fc94
The Time Traveler's Diary,Rachel,Martin,27620470fd324
Winds of Change,Nina,Garcia,a8255f23001a4
Heart of the Storm,Nina,Anderson,43a2dd052c564
Mystery of the Old Manor,David,Garcia,6b76556f17774
Tales of the Forgotten,Karen,Anderson,baa9ce3f70ef4
Echoes of the Past,Barbara,Johnson,07c0f94de8f74
The Final Quest,Rachel,Johnson,215e75263d2e4
Voices in the Dark,Oscar,Miller,c09aab186f8d4
A Glimpse of Eternity,Quincy,Anderson,dd82d6621a1f4
Journey to the Stars,Karen,Garcia,c7a2929096444
Shadow of the Mountain,Nina,Davis,2f37cfa530df4
The Silent Forest,Rachel,Miller,c84d64489a174
Tales of the Forgotten,Fiona,Thomas,038579e3333a4
The Final Quest,Michael,Smith,538b560b93ff4
Beyond the Horizon,Quincy,Brown,cb6846c693b94
Heart of the Storm,Michael,Rodriguez,1660e5dab70d4
Shadow of the Mountain,Barbara,Miller,4ac7eb1812a54
The Lost Kingdom,Catherine,Garcia,5c96ddca27ae4
The Final Quest,Karen,Gonzalez,e3765192899b4
The Hidden Path,Sarah,Anderson,9ce7b74217d34
Winds of Change,Barbara,Davis,8cc52a22e7f84
Voices in the Dark,Edward,Davis,e25d4b647ef14
The Enchanted Garden,Barbara,Thomas,7133d95eb5624
The Forgotten Treasure,Barbara,Brown,74ab3a02b6d24
Heart of the Storm,Helen,Smith,1a5955e50eeb4
Echoes of the Past,Quincy,Miller,4d5926f21c674
The Enchanted Garden,Sarah,Brown,3aa5433d7c644
Whispers of the Night,Michael,Williams,956c6377e8b94
The Forgotten Treasure,Thomas,Hernandez,6d006a0618284
The Enchanted Garden,Sarah,Smith,1476d4320eaa4
The Enchanted Garden,Helen,Anderson,b71b5937115c4
The Forgotten Treasure,Catherine,Jones,1208cddd29114
Winds of Change,Helen,Miller,543cfaf20c1f4
Whispers of the Night,Catherine,Garcia,af3c82cd80cd4
The Crimson River,Karen,Lopez,6e57e17896344
A Glimpse of Eternity,Nina,Gonzalez,24538d9db7db4
Beyond the Horizon,Michael,Anderson,64d5c298d6244
Winds of Change,Catherine,Smith,f82e6e54a1504
Voices in the Dark,Paul,Williams,e72d8f59475e4
Journey to the Stars,Paul,Rodriguez,ac852a55d7ed4
The Silent Forest,Karen,Gonzalez,21233a5870754
Winds of Change,George,Gonzalez,0ebe35b287224
Heart of the Storm,Oscar,Jones,1457b66690b64
The Enchanted Garden,David,Taylor,184f5337b1274
Shadow of the Mountain,Rachel,Anderson,a3c49f07d00d4
Mystery of the Old Manor,George,Garcia,ddbcddcc14ea4
The Crimson River,Sarah,Brown,cf1681ca9fce4
Journey to the Stars,Quincy,Williams,9d1a09ec2cdd4
Mystery of the Old Manor,Thomas,Miller,a0fad6d174804
The Final Quest,Ian,Jackson,eab3d72c83364
The Forgotten Treasure,Barbara,Wilson,a910817cedf64
The Lost Kingdom,Ian,Thomas,efb23a7fa09b4
The Lost Kingdom,Laura,Martinez,c4ae0acfda384
The Lost Kingdom,Oscar,Garcia,9870aa143d994
The Last Stand,Catherine,Brown,176c68c80e934
Whispers of the Night,Laura,Gonzalez,81b77d1ec61e4
Heart of the Storm,Rachel,Miller,49be6cab264d4
Beyond the Horizon,Nina,Lopez,74e3149dd8b64
Beyond the Horizon,Laura,Jones,236ce79a5a054
Mystery of the Old Manor,Edward,Miller,389aaffd206e4
The Hidden Path,Thomas,Martin,e00ed86256914
The Enchanted Garden,Catherine,Davis,8b29637d26d84
The Last Stand,Sarah,Moore,79e1949386074
The Silent Forest,George,Martinez,f2a3e991d5544
The Last Stand,Anna,Williams,01c5fd5986344
The Lost Kingdom,Oscar,Gonzalez,d5d0f16f5d1f4
Shadow of the Mountain,Paul,Hernandez,81a9fd951b614
A Glimpse of Eternity,Laura,Jones,c2c0dee112264
The Last Stand,Barbara,Wilson,26a5f218ff0d4
The Last Stand,Sarah,Gonzalez,ae28da7827914
The Time Traveler's Diary,Sarah,Hernandez,21ff6332889b4
Voices in the Dark,Ian,Hernandez,cb53aae8dbee4
Shadow of the Mountain,George,Moore,dc99df5e13584
Voices in the Dark,Thomas,Hernandez,04eb400ca0584
The Silent Forest,Ian,Brown,1f524403e51b4
The Crimson River,Laura,Garcia,c8db57fb991b4
Echoes of the Past,Michael,Moore,34ff14854cae4
A Glimpse of Eternity,Edward,Taylor,86ca246675714
Tales of the Forgotten,Edward,Davis,a2b0e6a9bd114
The Crimson River,Quincy,Williams,c5a496c684d44
The Crimson River,Michael,Johnson,c07a74b540a34
A Glimpse of Eternity,Anna,Taylor,37447dece4de4
The Crimson River,Thomas,Smith,e813261ea0ae4
Heart of the Storm,Barbara,Miller,ef66a545b4d44
The Silent Forest,Anna,Garcia,b70d798d9b7e4
The Hidden Path,Michael,Jones,30a9e92b39b54
Whispers of the Night,James,Lopez,559a005123064
Voices in the Dark,Nina,Taylor,9c0a81a5df984
The Time Traveler's Diary,George,Wilson,e62204a4bfa24
Echoes of the Past,Anna,Brown,74a4bf4d05ff4
Echoes of the Past,David,Jackson,1d35254ab0704
The Enchanted Garden,Michael,Martinez,84fa6684c0374
Voices in the Dark,James,Taylor,293f75e4f1d64
Whispers of the Night,Laura,Davis,92e3c8d6d1644
The Silent Forest,Paul,Jackson,1d020bc572234
The Silent Forest,Quincy,Brown,cef5f676d7f54
The Enchanted Garden,Rachel,Rodriguez,ef3cf3a8e94b4
Winds of Change,Helen,Smith,2e1afd544cf64
Tales of the Forgotten,David,Taylor,2e3d076d06334
Tales of the Forgotten,Helen,Williams,00b595d486d24
Echoes of the Past,Edward,Martinez,53ccef1c84314
Tales of the Forgotten,Karen,Williams,958ba1373b6d4
The Lost Kingdom,Paul,Anderson,3c31fa28ce544
Winds of Change,Oscar,Garcia,bcafd5b514494
Beyond the Horizon,Anna,Hernandez,c28f6b6e65d94
Tales of the Forgotten,Rachel,Moore,7ee03665a43d4
Mystery of the Old Manor,George,Anderson,7c6d86db1a0f4
The Final Quest,Nina,Taylor,b107e0ace9664
Shadow of the Mountain,Ian,Taylor,123030dbe8c44
Mystery of the Old Manor,Karen,Lopez,b3915ae35cc34
The Lost Kingdom,Karen,Gonzalez,920748e1e3654
The Time Traveler's Diary,Nina,Rodriguez,8c315d0b9e324
The Silent Forest,Paul,Smith,f2307679a1cd4
Journey to the Stars,Michael,Garcia,e718e2a1a9e54
Whispers of the Night,Nina,Moore,d55a5e1f0e404
Echoes of the Past,George,Brown,0d8dee2d556b4
Heart of the Storm,George,Thomas,d025b6eb27884
Tales of the Forgotten,Anna,Anderson,2a4186138f044
The Time Traveler's Diary,Nina,Moore,60c13c8d71d34
